資料表,欄位名稱,型態,預設,NULL,P/I,說明,註解,查詢欄位,列表,可編輯,Unnamed: 11,Unnamed: 12
欄位定義資料表 portal_definition,,,,,,,註解,查詢欄位,列表,可編輯,,
資料表,欄位,格式,預設,,P/I,說明,,查詢欄位,列表,可編輯,,
portal_definition,definition_id,integer,,NO,p,流水號 (max+1),,,V,,,
portal_definition,table_name,character varing(30),,NO,I,主類別,,V,V,V,,
portal_definition,column_name,character varing(30),,NO,,次類別,,V,V,V,,
portal_definition,column_value,character varing(30),,NO,,數值,,V,V,V,,
portal_definition,definition,character varing(200),,YES,,數值定義,,,V,V,,
portal_definition,seq,smallint,1,YES,,排序,,,V,V,,
portal_definition,is_delete,character varing(1),N,YES,,刪除flag,,V,V,,,
portal_definition,create_user,character varing(100),,YES,,建立人員,,,,,,
portal_definition,create_date,timestamp without time zone,,YES,,建立時間,,,,,,
portal_definition,create_ip,character varing(50),,YES,,新增IP,,,,,,
portal_definition,update_user,character varing(100),,YES,,更新人員,,,,,,
portal_definition,update_date,timestamp without time zone,,YES,,異動時間,,,,,,
portal_definition,update_ip,character varing(50),,YES,,異動IP,,,,,,
API認證管理 portal_api_auth ,,,,,,,註解,查詢欄位,列表,可編輯,,
資料表,欄位名稱,型態,預設,,P/I,說明,,查詢欄位,列表,可編輯,,
portal_api_auth,userid,character varing(50),,NO,P,API帳號,,V,V,,,
portal_api_auth,password,character varing(50),,NO,,API密碼,,,V,V,,
portal_api_auth,auth_path,character varing(1000),,NO,,授權API路徑(JSON陣列),"目前分為兩個資料夾 : API ，WEB_API
1:ASR API 資料夾 :　給異質系統呼叫使用
2:WEB_API 資料夾 :  給前台跟job使用)",,V,V,,
portal_api_auth,is_delete,character varing(1),N,YES,,刪除flag,,,V,,,
portal_api_auth,create_user,character varing(100),,YES,,新增人員,,,V,,,
portal_api_auth,create_date,timestamp without time zone,,YES,,建立時間,,,,,,
portal_api_auth,create_ip,character varing(20),,YES,,新增IP,,,,,,
portal_api_auth,update_user,character varing(100),,YES,,異動人員,,,,,,
portal_api_auth,update_date,timestamp without time zone,,YES,,最後更新日,,,,,,
portal_api_auth,update_ip,character varing(20),,YES,,異動IP,,,,,,
資料異動Log查詢portal_update_log ( 打開 auditlog 功能 讀取他),去DB查,,,,,,註解,查詢欄位,列表,可編輯,,
資料表,欄位,格式,預設,,P/I,說明,,查詢欄位,列表,可編輯,,
portal_update_log,update_log_id,integer,,NO,P,自動流水號,,,V,,,
portal_update_log,empy_id,character varing(30),,NO,I,異動者,,V,V,,,
portal_update_log,update_log_name,character varing(50),,NO,,管理功能名稱,,V,V,,,
portal_update_log,update_log_type,character varing(10),,NO,,insert ，delete ，update,,V,V,,,
portal_update_log,update_log_sql,text,,NO,,sql 語法資訊,,,V,,,
portal_asr_module,create_date,timestamp without time zone,,YES,,建立時間,,,V,,,
portal_asr_module,create_ip,character varing(20),,YES,,新增IP,,,,,,
管理人員資料表 portal_empy(帳號管理),,,,,,,註解,查詢欄位,列表,可編輯,,
資料表,欄位,格式,預設,,P/I,說明,,查詢欄位,列表,可編輯,,
portal_empy,empy_id,character varing(20),,NO,P,員工編號,,V,V,,,
portal_empy,empy_account,character varing(50),,NO,I,員工帳號,,V,V,V,,
portal_empy,empy_name,character varing(50),,NO,,員工姓名,,,V,V,,
portal_empy,empy_email,character varing(100),,NO,,email,,,V,V,,
portal_empy,empy_passwd,character varing(200),,NO,,密碼 (加密 ),,,,V,,
portal_empy,note,character varing(200),,YES,,備註,,,,V,,
portal_empy,is_delete,character varing(1),N,YES,,刪除flag,,V,V,,,
portal_empy,empy_page_role,character varing(1),0,YES,,"頁面維運權限貼標
1: (維運者) 新增 列表 查詢 修改 刪除 
5: (簽核者) 新增 列表 查詢 修改 刪除 簽核 
9: (管理者) admin ",,V,V,V,,
portal_empy,apply_no,character varing(30),,YES,,帳號申請單號,,V,V,V,,
portal_empy,apply_no_note,character varing(200),,YES,,帳號申請單號備註,,V,V,V,,
portal_empy,create_user,character varing(100),,YES,,新增人員,,,V,,,
portal_empy,create_date,timestamp without time zone,,YES,,建立時間,,,V,,,
portal_empy,create_ip,character varing(50),,YES,,新增IP,,,,,,
portal_empy,update_user,character varing(100),,YES,,異動人員,,,,,,
portal_empy,update_date,timestamp without time zone,,YES,,最後更新日,,,,,,
portal_empy,update_ip,character varing(50),,YES,,異動IP,,,,,,
後端登入紀錄資料表 portal_empy_login,,,,,,,註解,查詢欄位,列表,可編輯,,
資料表,欄位,格式,預設,,P/I,說明,,查詢欄位,列表,可編輯,,
portal_empy_login,empy_login_id,integer,,NO,P,流水號,,,V,,,
portal_empy_login,empy_id,character varing(20),,NO,I,empy_id,,V,V,,,
portal_empy_login,empy_token,character varing(200),,YES,I,登入token,,,,,,
portal_empy_login,end_date,timestamp without time zone,,YES,,過期時間 (+ 1 h),,,V,,,
portal_empy_login,status,character varing(20),,YES,,"1:成功
9:失敗",,,V,,,
portal_empy_login,status_note,character varing(50),,YES,,說明,,,V,,,
portal_empy_login,create_date,timestamp without time zone,,YES,,新增時間,,V,V,,,
portal_empy_login,create_ip,character varing(50),,YES,,新增IP,,,,,,
負責單位資料表 portal_page_dept(維運單位管理),,,,,,,註解,查詢欄位,列表,可編輯,,
資料表,欄位,格式,預設,,P/I,說明,,查詢欄位,列表,可編輯,,
portal_page_dept,page_dept_id,integer,,NO,P,"負責單位流水號 (max+1)
需要建立admin單位",,V,V,,,
portal_page_dept,page_dept_name,character varing(50),,NO,,負責單位名稱,,,V,V,,
portal_page_dept,note,character varing(200),,YES,,備註,,,,V,,
portal_page_dept,is_delete,character varing(1),N,YES,,刪除flag,,V,V,,,
portal_page_dept,create_user,character varing(100),,YES,,新增人員,,,V,,,
portal_page_dept,create_date,timestamp without time zone,,YES,,建立時間,,,V,,,
portal_page_dept,create_ip,character varing(50),,YES,,新增IP,,,,,,
portal_page_dept,update_user,character varing(100),,YES,,異動人員,,,,,,
portal_page_dept,update_date,timestamp without time zone,,YES,,最後更新日,,,,,,
portal_page_dept,update_ip,character varing(50),,YES,,異動IP,,,,,,
負責單位人員關聯資料表 portal_page_dept_empy_relation(帳號目錄管理),,,,,,,註解,查詢欄位,列表,可編輯,,
資料表,欄位,格式,預設,,P/I,說明,,查詢欄位,列表,可編輯,,
portal_page_dept_empy_relation,page_dept_id,integer,,NO,P,負責單位流水號 (max+1),,V,V,,,
portal_page_dept_empy_relation,empy_id,character varing(20),,NO,P,員工編號,,V,V,,,
portal_page_dept_empy_relation,create_user,character varing(100),,YES,,新增人員,,,V,,,
portal_page_dept_empy_relation,create_date,timestamp without time zone,,YES,,建立時間,,,V,,,
portal_page_dept_empy_relation,create_ip,character varing(20),,YES,,新增IP,,,,,,
後台目錄模組資料表 portal_program_module(後台目錄管理),,,,,,,註解,查詢欄位,列表,可編輯,,
資料表,欄位,格式,預設,,P/I,說明,,查詢欄位,列表,可編輯,,
portal_program_module,program_module_id,character varing(100),,NO,P,模組ID,,V,V,,,
portal_program_module,program_module_name,character varing(30),,NO,P,模組名稱,,V,V,,,
portal_program_module,seq,smallint,1,NO,,排序,,,V,V,,
portal_program_module,note,character varing(200),,YES,,備註,,,,V,,
portal_program_module,create_user,character varing(100),,YES,,新增人員,,,V,,,
portal_program_module,create_date,timestamp without time zone,,YES,,建立時間,,,V,,,
portal_program_module,create_ip,character varing(50),,YES,,新增IP,,,,,,
管理程式資料表 portal_program(帳號目錄管理),,,,,,,註解,查詢欄位,列表,可編輯,,
資料表,欄位,格式,預設,,P/I,說明,,查詢欄位,列表,可編輯,,
portal_program,program_code,character varing(100),,NO,P,管理程式代碼,,V,V,,,
portal_program,program_module_id,character varing(100),,NO,,program_module_id,,V,V,,,
portal_program,program_name,character varing(50),,NO,,管理程式名稱,,,V,V,,
portal_program,seq,smallint,1,NO,,排序,,,V,V,,
portal_program,note,character varing(200),,YES,,備註,,,,V,,
portal_program,is_delete,character varing(1),N,YES,,刪除flag,,V,V,,,
portal_program,create_user,character varing(100),,YES,,新增人員,,,V,,,
portal_program,create_date,timestamp without time zone,,YES,,建立時間,,,V,,,
portal_program,create_ip,character varing(50),,YES,,新增IP,,,,,,
portal_program,update_user,character varing(100),,YES,,異動人員,,,,,,
portal_program,update_date,timestamp without time zone,,YES,,最後更新日,,,,,,
portal_program,update_ip,character varing(50),,YES,,異動IP,,,,,,
程式人員關聯資料表 portal_program_empy_relation,,,,,,,註解,查詢欄位,列表,可編輯,,
資料表,欄位,格式,預設,,P/I,說明,,查詢欄位,列表,可編輯,,
portal_program_empy_relation,program_code,character varing(30),,NO,P,管理程式代碼,,V,V,,,
portal_program_empy_relation,empy_id,character varing(20),,NO,P,員工編號,,V,V,,,
portal_program_empy_relation,create_user,character varing(100),,YES,,新增人員,,,V,,,
portal_program_empy_relation,create_date,timestamp without time zone,,YES,,建立時間,,,V,,,
portal_program_empy_relation,create_ip,character varing(20),,YES,,新增IP,,,,,,
portal_template(Template管理),,,,,,,註解,查詢欄位,列表,可編輯,,
資料表,欄位,格式,預設,,P/I,說明,,查詢欄位,列表,可編輯,,
portal_template,template_id,character varing(20),,NO,P,"自訂代碼
(一開始建立一個沒有default,js css的)",,,V,,,
portal_template,template_name,character varing(50),,NO,,template名稱,,V,V,V,,
portal_template,template_attribute,text,,YES,,全局變數 (考慮是否啟用 研討一下 ),,,,V,,
portal_template,note,character varing(200),,YES,,備註,,,,V,,
portal_template,is_delete,character varing(1),N,YES,,刪除flag,,V,V,,,
portal_template,create_user,character varing(100),,YES,,新增人員,,,V,,,
portal_template,create_date,timestamp without time zone,,YES,,建立時間,,,V,,,
portal_template,create_ip,character varing(50),,YES,,新增IP,,,,,,
portal_template,update_user,character varing(100),,YES,,異動人員,,,,,,
portal_template,update_date,timestamp without time zone,,YES,,最後更新日,,,,,,
portal_template,update_ip,character varing(50),,YES,,異動IP,,,,,,
item元件資料表 portal_item(元件管理),,,,,,,註解,查詢欄位,列表,可編輯,,
資料表,欄位,格式,預設,,P/I,說明,,查詢欄位,列表,可編輯,,
portal_item,item_id,character varing(20),,NO,P,元件代號,,V,V,,,
portal_item,item_name,character varing(50),,NO,,元件名稱,,V,V,V,,
portal_item,item_image,character varing(200),,NO,,元件示意圖,,,,V,,
portal_item,item_type,character varing(1),,NO,,"h:天
f:地
c:內容元件",,V,V,V,,
portal_item,note,character varing(200),,YES,,備註,,,,V,,
portal_item,is_delete,character varing(1),N,YES,,刪除flag,,V,V,,,
portal_item,create_user,character varing(100),,YES,,新增人員,,,V,,,
portal_item,create_date,timestamp without time zone,,YES,,建立時間,,,V,,,
portal_item,create_ip,character varing(50),,YES,,新增IP,,,,,,
portal_item,update_user,character varing(100),,YES,,異動人員,,,,,,
portal_item,update_date,timestamp without time zone,,YES,,最後更新日,,,,,,
portal_item,update_ip,character varing(50),,YES,,異動IP,,,,,,
元件屬性資料資料表 portal_item_attribute,,,,,,,註解,查詢欄位,列表,可編輯,,
資料表,欄位,格式,預設,,P/I,說明,,查詢欄位,列表,可編輯,,
portal_item_attribute,item_id,character varing(20),,NO,P,元件代號,,,,,,
portal_item_attribute,item_attribute_type,character varing(1),,NO,P,"屬性類型
T : 文字
U  : 超連結
D : 日期
H : HTML
I : 圖檔
F : 貼標 (固定:Y/N 兩個選項可選 ， 可運用在元件中其中一個區塊是否要顯示或資料有效 )",,,,,,
portal_item_attribute,item_attribute_seq,integer,1,NO,P,seq,,,,,,
portal_item_attribute,item_attribute_name,character varing(20),,NO,,屬性名稱,,,,,,
portal_item_attribute,note,character varing(200),,YES,,備註 (使用方法),,,,V,,
portal_item_attribute,create_user,character varing(100),,YES,,新增人員,,,,,,
portal_item_attribute,create_date,timestamp without time zone,,YES,,建立時間,,,,,,
portal_item_attribute,create_ip,character varing(50),,YES,,新增IP,,,,,,
選單資料表 portal_menu(網站選單管理),,,,,,,註解,查詢欄位,列表,可編輯,,
資料表,欄位,格式,預設,,P/I,說明,,查詢欄位,列表,可編輯,,
portal_menu,menu_id,integer,,NO,p,流水號 (max+1),,,V,,,
portal_menu,website_id,character varing(20),,NO,U1,網站代碼,,V,V,V,,
portal_menu,website_category_id,integer,,NO,U2,網站位置,,V,V,V,,
portal_menu,menu_name,character varing(50),,NO,,選單名稱,,V,V,V,,
portal_menu,start_date,timestamp without time zone,,NO,,啟用時間,,V,V,V,,
portal_menu,end_date,timestamp without time zone,,NO,,結束時間,,V,V,V,,
portal_menu,menu_url,character varing(200),,NO,,連結URL,,,V,V,,
portal_menu,open_window,character varing(1),N,NO,,是否另開視窗,,,,V,,
portal_menu,up_menu_id,integer,,NO,,上一層選單流水號,,,,V,,
portal_menu,menu_lv,integer,,NO,,第幾層,,,,V,,
portal_menu,menu_seq,integer,,NO,,排序,,,,V,,
portal_menu,note,character varing(200),,YES,,備註,,,,V,,
portal_menu,is_delete,character varing(1),N,YES,,刪除flag,,V,V,,,
portal_menu,create_user,character varing(100),,YES,,新增人員,,,,,,
portal_menu,create_date,timestamp without time zone,,YES,,建立時間,,,,,,
portal_menu,create_ip,character varing(50),,YES,,新增IP,,,,,,
portal_menu,update_user,character varing(100),,YES,,異動人員,,,,,,
portal_menu,update_date,timestamp without time zone,,YES,,最後更新日,,,,,,
portal_menu,update_ip,character varing(50),,YES,,異動IP,,,,,,
網站資料表 portal_website(網站基本資料),,,,,,,註解,查詢欄位,列表,可編輯,,
資料表,欄位,格式,預設,,P/I,說明,,查詢欄位,列表,可編輯,,
portal_website,website_id,character varing(20),,NO,P,"自訂網站代碼 ( ex:TWM，APP，…. )
用途: Domain/自訂網站代碼/page_id",,,V,,,
portal_website,website_name,character varing(50),,NO,I,網站名稱,,V,V,V,,
portal_website,website_index_flag,character varing(1),,NO,,主要website_id :  Y/N,,V,V,V,,
portal_website,website_index_page_code,character varing(50),,YES,,首頁代號,,V,V,V,,
portal_website,website_url_redirect,character varing(200),,YES,,強制網址重新導向 (有值強轉),,,V,V,,
portal_website,website_service_url,character varing(200),,NO,,服務的主要網域 (必填),,,V,V,,
portal_website,note,character varing(200),,YES,,備註,,,,V,,
portal_website,is_delete,character varing(1),N,YES,,刪除flag,,V,V,,,
portal_website,create_user,character varing(100),,YES,,新增人員,,,V,,,
portal_website,create_date,timestamp without time zone,,YES,,建立時間,,,V,,,
portal_website,create_ip,character varing(50),,YES,,新增IP,,,,,,
portal_website,update_user,character varing(100),,YES,,異動人員,,,,,,
portal_website,update_date,timestamp without time zone,,YES,,最後更新日,,,,,,
portal_website,update_ip,character varing(50),,YES,,異動IP,,,,,,
網頁資料表 portal_website_page (網站頁面管理),,,,,,,註解,查詢欄位,列表,可編輯,,
資料表,欄位,格式,預設,,P/I,說明,,查詢欄位,列表,可編輯,,
portal_website_page,website_page_id,integer,,NO,p,流水號 (max+1),,,V,,,
portal_website_page,website_id,character varing(20),,NO,U1,"網站代碼 (下拉選單 )
用途: Domain/自訂網站代碼/page_id",,,V,,,
portal_website_page,website_page_code,character varing(50),,NO,U1,自訂網頁代碼,,V,V,,,
portal_website_page,website_page_version,integer,1,NO,U1,網頁版本(max+1),,,V,,,
portal_website_page,status,character varing(2),0,NO,I,"0:新建
1:退回重編
3:送審
4:審核通過 ( job by 分鐘 去比對啟用時間 )
5:上架
7:有新板後原本狀態5的要變成7
9:比對結束時間後自動失效 ",,V,V,,,
portal_website_page,page_note,character varing(50),,YES,,網頁說明,,,V,V,,
portal_website_page,start_date,timestamp without time zone,,NO,,啟用時間,,V,V,V,,
portal_website_page,end_date,timestamp without time zone,,NO,,結束時間  ( job by 分鐘 去比對結束時間 把狀態變成 9),,V,V,V,,
portal_website_page,template_id,character varing(20),,NO,,template_id,,V,V,V,,
portal_website_page,item_id_header,character varing(20),,YES,,天 ( from portal_item where item_type = 'h' ),,,,V,,
portal_website_page,item_id_footer,character varing(20),,YES,,地 ( from portal_item where item_type = 'f'  ),,,,V,,
portal_website_page,page_dept_id,integer,,NO,,"所屬負責單位 (下拉選單:只有amdin全秀 其他的只秀有登記的單位 )
新建時候需要確認該員有隸屬其中一個負責單位",,,V,V,,
portal_website_page,page_empy_id,character varing(20),,NO,,連動式選單 (關聯負責單位的人員),,,V,V,,
portal_website_page,page_title,character varing(200),,YES,,,,,V,V,,
portal_website_page,page_meta_title,character varing(200),,YES,,,,,,V,,
portal_website_page,page_meta_keywords,character varing(200),,YES,,,,,,V,,
portal_website_page,page_meta_description,character varing(200),,YES,,,,,,V,,
portal_website_page,page_meta_og_title,character varing(200),,YES,,,,,,V,,
portal_website_page,page_meta_og_description,character varing(200),,YES,,,,,,V,,
portal_website_page,page_meta_og_image,text,,YES,,,,,,V,,
portal_website_page,page_url_redirect,character varing(200),,YES,,強制網址重新導向,,,,V,,
portal_website_page,page_url_redirect_fail,character varing(200),,YES,,失效頁面網址重新導向URL,,,,V,,
portal_website_page,note,character varing(200),,YES,,備註,,,,V,,
portal_website_page,is_delete,character varing(1),N,YES,,刪除flag,,,V,,,
portal_website_page,create_user,character varing(100),,YES,,新增人員,,,,,,
portal_website_page,create_date,timestamp without time zone,,YES,,建立時間,,,V,,,
portal_website_page,create_ip,character varing(50),,YES,,新增IP,,,,,,
portal_website_page,update_user,character varing(100),,YES,,異動人員,,,,,,
portal_website_page,update_date,timestamp without time zone,,YES,,最後更新日,,,,,,
portal_website_page,update_ip,character varing(50),,YES,,異動IP,,,,,,
網頁元件資料表 portal_website_page_item,,,,,,,註解,查詢欄位,列表,可編輯,,
資料表,欄位,格式,預設,,P/I,說明,,查詢欄位,列表,可編輯,,
portal_website_page_item,website_page_item_id,integer,,NO,p,流水號 (max+1),,,V,,,
portal_website_page_item,website_page_id,integer,,NO,F,website_page_id,,,,,,
portal_website_page_item,website_id,character varing(20),,NO,U1,"網站代碼 (下拉選單 )
用途: Domain/自訂網站代碼/page_id",,,,,,
portal_website_page_item,website_page_code,character varing(50),,NO,U1,自訂網頁代碼,,,,,,
portal_website_page_item,website_page_version,integer,,NO,U1,網頁版本(max+1),,,V,,,
portal_website_page_item,item_id,character varing(20),,NO,U1,元件代號,,,,,,
portal_website_page_item,item_seq,integer,,NO,U1,順序,,,,,,
portal_website_page_item,start_date,timestamp without time zone,,NO,,啟用時間,,,,V,,
portal_website_page_item,end_date,timestamp without time zone,,NO,,結束時間 ,,,,V,,
portal_website_page_item,note,character varing(200),,YES,,備註,,,,V,,
portal_website_page_item,create_user,character varing(100),,YES,,異動人員,,,,,,
portal_website_page_item,create_date,timestamp without time zone,,YES,,最後更新日,,,,,,
portal_website_page_item,create_ip,character varing(50),,YES,,異動IP,,,,,,
網頁元件內容資料表 portal_website_page_item_data,,,,,,,註解,查詢欄位,列表,可編輯,,
資料表,欄位,格式,預設,,P/I,說明,,查詢欄位,列表,可編輯,,
portal_website_page_item_data,website_page_item_data_id,integer,,NO,p,流水號 (max+1),,,,,,
portal_website_page_item_data,website_page_item_id,integer,,NO,F,portal_website_page_item.website_page_item_id,,,V,,,
portal_website_page_item_data,website_id,character varing(20),,NO,I,"網站代碼 (下拉選單 )
用途: Domain/自訂網站代碼/page_id",,,,,,
portal_website_page_item_data,website_page_code,character varing(50),,NO,I,自訂網頁代碼,,,,,,
portal_website_page_item_data,website_page_version,integer,,NO,,網頁版本,,,,,,
portal_website_page_item_data,item_id,character varing(20),,NO,,元件代號,,,,,,
portal_website_page_item_data,item_seq,integer,,NO,,順序,,,,,,
portal_website_page_item_data,item_attribute_type,character varing(1),,NO,,"屬性類型
T : 文字
U  : 超連結
D : 日期
H : HTML
I : 圖檔
F : 貼標
V : 影片",,,,,,
portal_website_page_item_data,item_attribute_seq,integer,,NO,,"seq  新增時畫面預設自動帶 (select max (item_attribute_seq) from portal_website_page_item_data where  (website_id,website_page_id,item_id,item_seq,item_attribute_type) ) +1 ",,,,,,
portal_website_page_item_data,page_item_data,text,,YES,,元件屬性資料 /dfdsf/adsfdsfds/5/AAA.jpg /dfdsf/adsfdsfds/6/AAA.jpg,,,,,,
portal_website_page_item_data,page_item_data_seq,integer,,YES,,網頁元件資料排序 (同一個item_attribute_type+item_attribute_seq > item_data_seq 一樣),,,,,,
portal_website_page_item_data,create_user,character varing(100),,YES,,新增人員,,,,,,
portal_website_page_item_data,create_date,timestamp without time zone,,YES,,建立時間,,,,,,
portal_website_page_item_data,create_ip,character varing(50),,YES,,新增IP,,,,,,
portal_website_page_item_data,update_user,character varing(100),,YES,,異動人員,,,,,,
portal_website_page_item_data,update_date,timestamp without time zone,,YES,,最後更新日,,,,,,
portal_website_page_item_data,update_ip,character varing(50),,YES,,異動IP,,,,,,
Job註冊資料表 portal_job(job資料管理),,,,,,,註解,查詢欄位,列表,可編輯,,
資料表,欄位,格式,預設,,P/I,說明,,查詢欄位,列表,可編輯,,
portal_job,portal_job_id,integer,,NO,P,流水號 ,,,V,,,
portal_job,portal_job_name,character varing(20),,NO,,名稱,,V,V,V,,
portal_job,is_active,character varing(1),,NO,,"1:啟用
0:停止",,,V,V,,
portal_job,cron_expression,character varing(100),,NO,,Cron 執行表達式,,,V,V,,
portal_job,note,character varing(200),,YES,,對此 JOB 的描述或備註。,,,V,V,,
portal_job,create_user,character varing(100),,YES,,新增人員,,,,,,
portal_job,create_date,timestamp without time zone,,YES,,建立時間,,,,,,
portal_job,create_ip,character varing(50),,YES,,新增IP,,,,,,
portal_job,update_user,character varing(100),,YES,,異動人員,,,,,,
portal_job,update_date,timestamp without time zone,,YES,,最後更新日,,,,,,
portal_job,update_ip,character varing(50),,YES,,異動IP,,,,,,
Job執行紀錄資料表 job_log,,,,,,,註解,查詢欄位,列表,可編輯,,
資料表,欄位,格式,預設,,P/I,說明,,查詢欄位,列表,可編輯,,
portal_job_log,portal_job_log_id,integer,,NO,P,流水號,,,V,,,
portal_job_log,portal_job_id,integer,,NO,,portal_job_id,,,V,,,
portal_job_log,portal_job_name,character varing(20),,NO,,名稱,,V,V,,,
portal_job_log,start_date,timestamp without time zone,,NO,,啟用時間,,V,V,,,
portal_job_log,end_date,timestamp without time zone,,NO,,結束時間,,V,V,,,
portal_job_log,status,character varing(1),,YES,,"1:成功
0:失敗",,V,V,,,
portal_job_log,note,character varing(200),,YES,,備註,,V,,,,
portal_job_log,create_user,character varing(100),,YES,,新增人員,,,,,,
portal_job_log,create_date,timestamp without time zone,,YES,,建立時間,,,,,,
portal_job_log,create_ip,character varing(50),,YES,,新增IP,,,,,,
網頁歷程資料表 portal_page_log,,,,,,,註解,查詢欄位,列表,可編輯,,
資料表,欄位,格式,預設,,P/I,說明,,查詢欄位,列表,可編輯,,
portal_page_log,page_log_id,integer,,NO,P,流水號,,,,,,
portal_page_log,website_id,character varing(20),,NO,,"網站代碼
活動頁面設定成(event)",,,,,,觸發的情境
portal_page_log,website_page_code,character varing(50),,NO,,網頁代碼,,,,,,1. 網頁建立的時候這邊要新增
portal_page_log,website_page_version,integer,,NO,,版本,,,,,,
portal_page_log,status,character varing(5),,NO,,內容 (新建頁面、狀態更新、頁面刪除),,,,,,
portal_page_log,create_user,character varing(20),,NO,,"新增人員原編或排程ID(portal_job_id+"":""+portal_job_log_id)",,,,,,
portal_page_log,delete_time,timestamp without time zone,,YES,,刪除時間(被刪除則記錄時間),,,,,,
portal_page_log,create_date,timestamp without time zone,,NO,,變更時間,,,,,,
portal_page_log,create_ip,character varing(50),,NO,,變更IP,,,,,,
網頁資料表 portal_website_event (網站頁面管理),,,,,,,註解,查詢欄位,列表,可編輯,,
資料表,欄位,格式,預設,,P/I,說明,,查詢欄位,列表,可編輯,,
portal_website_event,website_event_page_code,character varing(50),,NO,P,自訂活動網頁代碼,,V,V,,,
portal_website_event,status,character varing(2),0,NO,I,"0:新建
1:退回重編
3:送審
4:審核通過 ( job by 分鐘 去比對啟用時間 )
5:上架
8:強制關閉5->8
9:比對結束時間後自動失效 ",,V,V,,,
portal_website_page,page_note,character varing(50),,YES,,網頁說明,,,V,V,,
portal_website_page,page_hashtag,character varing(50),,YES,,"EX: 5G,ABX,AAAA",,,V,V,,
portal_website_page,start_date,timestamp without time zone,,NO,,啟用時間,,V,V,V,,
portal_website_page,end_date,timestamp without time zone,,NO,,結束時間  ( job by 分鐘 去比對結束時間 把狀態變成 9),,V,V,V,,
portal_website_page,page_dept_id,integer,,NO,,"所屬負責單位 (下拉選單:只有amdin全秀 其他的只秀有登記的單位 )
新建時候需要確認該員有隸屬其中一個負責單位",,,V,V,,
portal_website_page,page_empy_id,character varing(20),,NO,,連動式選單 (關聯負責單位的人員),,,V,V,,
portal_website_page,page_url_redirect,character varing(200),,YES,,強制網址重新導向,,,,V,,
portal_website_page,page_url_redirect_fail,character varing(200),,YES,,失效頁面網址重新導向URL,,,,V,,
portal_website_page,note,character varing(200),,YES,,備註,,,,V,,
portal_website_page,is_delete,character varing(1),N,YES,,刪除flag,,,V,,,
portal_website_page,create_user,character varing(100),,YES,,新增人員,,,,,,
portal_website_page,create_date,timestamp without time zone,,YES,,建立時間,,,V,,,
portal_website_page,create_ip,character varing(50),,YES,,新增IP,,,,,,
portal_website_page,update_user,character varing(100),,YES,,異動人員,,,,,,
portal_website_page,update_date,timestamp without time zone,,YES,,最後更新日,,,,,,
portal_website_page,update_ip,character varing(50),,YES,,異動IP,,,,,,
網站選單位置基本資料表 portal_website_category,,,,,,,註解,查詢欄位,列表,可編輯,,
資料表,欄位,格式,預設,,P/I,說明,,查詢欄位,列表,可編輯,,
portal_website_category,website_category_id,integer,,NO,p,流水號 (max+1),,,V,,,
portal_website_category,website_id,character varing(20),,NO,F,網站代碼,,V,V,V,,
portal_website_category,website_category_name,character varing(50),,NO,,網站位置名稱 (menu位置名稱),,V,V,V,,
portal_website_category,note,character varing(200),,YES,,備註,,,,V,,
portal_website_category,is_delete,character varing(1),N,YES,,刪除flag,,V,V,,,
portal_website_category,create_user,character varing(100),,YES,,新增人員,,,,,,
portal_website_category,create_date,timestamp without time zone,,YES,,建立時間,,,,,,
portal_website_category,create_ip,character varing(50),,YES,,新增IP,,,,,,
portal_website_category,update_user,character varing(100),,YES,,異動人員,,,,,,
portal_website_category,update_date,timestamp without time zone,,YES,,最後更新日,,,,,,
portal_website_category,update_ip,character varing(50),,YES,,異動IP,,,,,,
文件類型資料表 portal_upload_file_type,,,,,,,註解,查詢欄位,列表,可編輯,,
資料表,欄位,格式,預設,,P/I,說明,,查詢欄位,列表,可編輯,,
portal_upload_file_type,upload_file_type_id,integer,,NO,p,流水號 (max+1),,,V,,,
portal_upload_file_type,upload_file_type_name,character varing(200),,NO,,類型名稱,,V,V,V,,
portal_upload_file_type,note,character varing(200),,YES,,備註,,,,V,,
portal_upload_file_type,is_delete,character varing(1),N,YES,,刪除flag,,V,V,V,,
portal_upload_file_type,create_user,character varing(100),,YES,,新增人員,,,,,,
portal_upload_file_type,create_date,timestamp without time zone,,YES,,建立時間,,,,,,
portal_upload_file_type,create_ip,character varing(50),,YES,,新增IP,,,,,,
portal_upload_file_type,update_user,character varing(100),,YES,,異動人員,,,,,,
portal_upload_file_type,update_date,timestamp without time zone,,YES,,最後更新日,,,,,,
portal_upload_file_type,update_ip,character varing(50),,YES,,異動IP,,,,,,
文件資料表 portal_upload_file (資料刪除後 NAS檔案保留90天),,,,,,,註解,查詢欄位,列表,可編輯,,
資料表,欄位,格式,預設,,P/I,說明,,查詢欄位,列表,可編輯,,
 portal_upload_file,upload_file_id,character varing(20),,NO,p,EX：UF2405161753230001,,,V,,,
 portal_upload_file,upload_file_name,character varing(200),,NO,,USER 上傳檔案名稱 (包含副檔名 ) max: 10M   abc.doc,,V,V,,,
 portal_upload_file,upload_file_type_id,integer,,NO,F,文件類型id,,V,V,V,,
 portal_upload_file,file_path,character varing(200),,NO,,"實際檔案NAS路徑(檔案名稱要編碼) 
 /doc/upload_file/5/555dfdsfdsf55555.doc",,,,,,
 portal_upload_file,upload_file_title,character varing(200),,NO,,標題,,V,V,V,,
 portal_upload_file,upload_file_note,character varing(200),,NO,,說明,,,,V,,
 portal_upload_file,note,character varing(200),,YES,,備註,,,,V,,
 portal_upload_file,is_delete,character varing(1),,YES,,刪除flag,,V,V,V,,
 portal_upload_file,create_user,character varing(100),,YES,,新增人員,,,,,,
 portal_upload_file,create_date,timestamp without time zone,,YES,,建立時間,,,,,,
 portal_upload_file,create_ip,character varing(50),,YES,,新增IP,,,,,,
 portal_upload_file,update_user,character varing(100),,YES,,異動人員,,,,,,
 portal_upload_file,update_date,timestamp without time zone,,YES,,最後更新日,,,,,,
 portal_upload_file,update_ip,character varing(50),,YES,,異動IP,,,,,,
傳送訊息資料表  portal_send_message,,,,,,,註解,查詢欄位,列表,可編輯,,
資料表,欄位,格式,預設,,P/I,說明,,查詢欄位,列表,可編輯,,
 portal_send_message,send_message_id,integer,,NO,P,流水號,,,V,,,
 portal_send_message,send_method,character varing(10),,NO,,"
發送方式:1:M+(門號)
2:M+(員編)
3:MAIL
4:SMS",,V,V,,,
 portal_send_message,send_target,text,,NO,I,門號/email(多筆 ; 隔開)/….. ,,V,V,,,
 portal_send_message,send_type_code,character varing(10),,YES,,發送科目代號,,V,V,,,
 portal_send_message,send_subject,character varing(200),,YES,,主旨,,V,V,,,
 portal_send_message,send_note,text,,NO,,內容,,,V,,,
 portal_send_message,send_from,character varing(200),,YES,,寄件人,,,V,,,
 portal_send_message,send_time,timestamp without time zone,now( ),NO,,發送時間,,,V,,,
 portal_send_message,email_file_path,character varing(100),,YES,,email附件,,,V,,,
 portal_send_message,status,character varing(1),0,NO,I,"0:尚未發送
1:已發送",,V,V,V,,
 portal_send_message,status_note,character varing(100),,YES,,狀態說明,,,,,,
 portal_send_message,create_user,character varing(100),,YES,,新增人員,,,,,,
 portal_send_message,create_date,timestamp without time zone,,YES,,建立時間,,,,,,
 portal_send_message,create_ip,character varing(50),,YES,,新增IP,,,,,,
 portal_send_message,update_user,character varing(100),,YES,,異動人員,,,,,,
 portal_send_message,update_date,timestamp without time zone,,YES,,最後更新日,,,,,,
 portal_send_message,update_ip,character varing(50),,YES,,異動IP,,,,,,
貼標資料表 portal_hashtag,,,,,,,註解,查詢欄位,列表,可編輯,,
資料表,欄位,格式,預設,,P/I,說明,,查詢欄位,列表,可編輯,,
portal_hashtag,hashtag_id,integer,,NO,p,流水號 (max+1),,,V,,,
portal_hashtag,hashtag_type,character varing(2),,NO,,"類型
N:news
A:article",,V,V,V,,
portal_hashtag,hashtag_name,character varing(200),,NO,,貼標名稱,,V,V,V,,
portal_hashtag,note,character varing(200),,YES,,備註,,,,V,,
portal_hashtag,is_delete,character varing(1),N,YES,,刪除flag,,V,V,V,,
portal_hashtag,create_user,character varing(100),,YES,,新增人員,,,,,,
portal_hashtag,create_date,timestamp without time zone,,YES,,建立時間,,,,,,
portal_hashtag,create_ip,character varing(50),,YES,,新增IP,,,,,,
portal_hashtag,update_user,character varing(100),,YES,,異動人員,,,,,,
portal_hashtag,update_date,timestamp without time zone,,YES,,最後更新日,,,,,,
portal_hashtag,update_ip,character varing(50),,YES,,異動IP,,,,,,
消息貼標與消息資料關聯資料表 portal_hashtag_relation,,,,,,,註解,查詢欄位,列表,可編輯,,
資料表,欄位,格式,預設,,P/I,說明,,查詢欄位,列表,可編輯,,
portal_hashtag_relation,hashtag_type,character varing(2),,NO,,"類型
N:news
A:article",,V,V,V,,
portal_hashtag_relation,hashtag_id,integer,,NO,p,hashtag_id,,,V,,,
portal_hashtag_relation,source_id,character varing(20),,NO,P,來源ID,,V,V,,,
portal_hashtag_relation,create_user,character varing(100),,YES,,新增人員,,,,,,
portal_hashtag_relation,create_date,timestamp without time zone,,YES,,建立時間,,,,,,
portal_hashtag_relation,create_ip,character varing(50),,YES,,新增IP,,,,,,
最新消息資料表 portal_news,,,,,,,註解,查詢欄位,列表,可編輯,,
資料表,欄位,格式,預設,,P/I,說明,,查詢欄位,列表,可編輯,,
portal_news,news_id,character varing(20),,NO,p,EX：NS2405161753230001,,,V,,,
portal_news,news_type,character varing(10),,NO,I,"N:系統公告 
A:活動資訊
B:SuperBanner資訊
R:跑馬燈
M: Menu選單近期主打
W:新聞稿
",,V,V,V,,
portal_news,news_release_datetime,timestamp without time zone,,NO,,發佈時間 (預設現在時間),,,V,V,,
portal_news,news_title_b,character varing(200),,NO,,大標,,V,V,V,,
portal_news,news_title_s,character varing(300),,YES,,小標 (HTML),,,,V,,
portal_news,news_content,TEXT,,YES,,內容 (HTML),,,,V,,
portal_news,news_pic_b,character varing(100),,YES,,"大圖
EX:/upload/doc/news/news_id/NEWS_B_xxxxxxxx.xxx",,,,V,,
portal_news,news_pic_s,character varing(100),,YES,,"小圖
EX:/upload/doc/news/news_id/NEWS_S_xxxxxxxx.xxx",,,,V,,
portal_news,news_start_date,timestamp without time zone,,YES,,活動開始時間 ,,,,V,,
portal_news,news_end_date,timestamp without time zone,,YES,,活動結束時間,,,,V,,
portal_news,note,character varing(200),,YES,,備註,,,,V,,
portal_news,is_delete,character varing(1),N,YES,,刪除flag,,V,V,V,,
portal_news,create_user,character varing(100),,YES,,新增人員,,,,,,
portal_news,create_date,timestamp without time zone,,YES,,建立時間,,,,,,
portal_news,create_ip,character varing(50),,YES,,新增IP,,,,,,
portal_news,update_user,character varing(100),,YES,,異動人員,,,,,,
portal_news,update_date,timestamp without time zone,,YES,,最後更新日,,,,,,
portal_news,update_ip,character varing(50),,YES,,異動IP,,,,,,
文章資料表 portal_article,,,,,,,註解,查詢欄位,列表,可編輯,,
資料表,欄位,格式,預設,,P/I,說明,,查詢欄位,列表,可編輯,,
portal_article,article_id,character varing(20),,NO,p,EX：AE2405161753230001,,,V,,,
portal_article,article_type,character varing(10),,NO,I,"A: 創新洞見
B: 成功案例
之後請SA設計從CD讀取資料",,V,V,V,,
portal_article,article_release_datetime,timestamp without time zone,,NO,,發佈時間 (預設現在時間),,V,V,V,,
portal_article,article_title_b,character varing(200),,NO,,文章大標,,V,V,V,,
portal_article,article_title_s,character varing(300),,YES,,文章小標 (HTML),,,,V,,
portal_article,article_pic_b,character varing(100),,YES,,"大圖
EX:/upload/doc/article/article_id/xxxxxxxx_b.xxx",,,,V,,
portal_article,article_pic_s,character varing(100),,YES,,"小圖
EX:/upload/doc/article/article_id/xxxxxxxx_s.xxx",,,,V,,
portal_article,article_content,TEXT,,YES,,內容 (HTML),,,,V,,
portal_article,article_json_data,TEXT,,YES,,SA 可依照WEB需求設計JSON放置資料,,,,V,,
portal_article,note,character varing(200),,YES,,備註,,,,V,,
portal_article,is_delete,character varing(1),N,YES,,刪除flag,,V,V,V,,
portal_article,create_user,character varing(100),,YES,,新增人員,,,,,,
portal_article,create_date,timestamp without time zone,,YES,,建立時間,,,,,,
portal_article,create_ip,character varing(50),,YES,,新增IP,,,,,,
portal_article,update_user,character varing(100),,YES,,異動人員,,,,,,
portal_article,update_date,timestamp without time zone,,YES,,最後更新日,,,,,,
portal_article,update_ip,character varing(50),,YES,,異動IP,,,,,,
活動資料主表 portal_event,,,,,,,註解,查詢欄位,列表,可編輯,,
資料表,欄位,格式,預設,,P/I,說明,,查詢欄位,列表,可編輯,,
portal_event,event_id,integer,,NO,p,流水號 (max+1),,,V,,,
portal_event,event_type,character varing(10),N,NO,I,"N:未分類
CD 設定",,V,V,V,,
portal_event,event_release_datetime,timestamp without time zone,,NO,,發佈時間 (預設現在時間),,,V,V,,
portal_event,event_title_b,character varing(200),,NO,,大標,,V,V,V,,
portal_event,event_title_s,character varing(300),,YES,,小標 (HTML),,,,V,,
portal_event,event_content,TEXT,,YES,,內容/介紹 (HTML),,,,V,,
portal_event,event_content_02,TEXT,,YES,,內容/議程 (HTML),,,,V,,
portal_event,event_pic_b,character varing(100),,YES,,"大圖
EX:/upload/doc/event/event_id/event_b_xxxxxxxx.xxx",,,,V,,
portal_event,event_pic_s,character varing(100),,YES,,"大圖
EX:/upload/doc/event/event_id/event_s_xxxxxxxx.xxx",,,,V,,
portal_event,event_address,character varing(100),,YES,,活動地址,,,,V,,
portal_event,event_start_date,timestamp without time zone,,YES,,活動開始時間 ,,,,V,,
portal_event,event_end_date,timestamp without time zone,,YES,,活動結束時間,,,,V,,
portal_event,event_apply_start_date,timestamp without time zone,,YES,,報名開始時間 ,,,,V,,
portal_event,event_apply_end_date,timestamp without time zone,,YES,,報名結束時間,,,,V,,
portal_event,event_apply_num_max,integer,0,YES,,最大報名名額,,,V,V,,
portal_event,event_apply_num_now,integer,0,YES,,目前人數,,,V,,,
portal_event,note,character varing(200),,YES,,備註,,,,V,,
portal_event,is_delete,character varing(1),N,YES,,刪除flag,,V,V,,,
portal_event,create_user,character varing(100),,YES,,建立人員,,,,,,
portal_event,create_date,timestamp without time zone,,YES,,建立時間,,,,,,
portal_event,create_ip,character varing(50),,YES,,新增IP,,,,,,
portal_event,update_user,character varing(100),,YES,,更新人員,,,,,,
portal_event,update_date,timestamp without time zone,,YES,,異動時間,,,,,,
portal_event,update_ip,character varing(50),,YES,,異動IP,,,,,,
活動表單設定資料表 portal_event_form ,,,,,,,註解,查詢欄位,列表,可編輯,,
資料表,欄位,格式,預設,,P/I,說明,,查詢欄位,列表,可編輯,,
portal_event_form,event_form_id,integer,,NO,p,流水號 (max+1),,,V,,,
portal_event_form,event_id,integer,,NO,F/I,[portal_event_id].[event_id],,,V,,,
portal_event_form,event_form_release_datetime,timestamp without time zone,,NO,,發佈時間 (預設現在時間),,V,V,V,,
portal_event_form,event_form_title,character varing(100),,NO,,表單名稱,,V,V,V,,
portal_event_form,event_form_description,TEXT,,NO,,表單說明,,,,V,,
portal_event_form,event_form_note,TEXT,,YES,,貼心提醒,,,,V,,
portal_event_form,event_form_mail_content,TEXT,,YES,,客製化通知信內容,,,,V,,
portal_event_form,event_form_reapply,character varing(1),N,YES,,重複報名 Y:N,,,V,V,,
portal_event_form,event_form_apply_sucess_title,TEXT,,YES,,報名成功訊息標題,,,,V,,
portal_event_form,event_form_apply_sucess_content,TEXT,,YES,,報名成功訊息內文,,,,V,,
portal_event_form,event_form_data_reciever,TEXT,,YES,,"留資資訊批次通知收件者
ex :jason@twm.com;ken@twm.com",,,,V,,
portal_event_form,event_form_company,,,YES,,公司名稱(companyName),,,,V,,
portal_event_form,event_form_company_id,,,YES,,統一編號(companyId),,,,V,,
portal_event_form,event_form_dep,,,YES,,部門(buName),,,,V,,
portal_event_form,event_form_job_title,,,YES,,職稱(title),,,,V,,
portal_event_form,event_form_name,,,YES,,姓名(name),,,,V,,
portal_event_form,event_form_phone,,,YES,,手機(phoneNum),,,,V,,
portal_event_form,event_form_email,,,YES,,電子郵件(email),,,,V,,
portal_event_form,event_form_json,TEXT,,YES,,表單欄位資訊 json (範例見本格附注),,,V,V,,
portal_event_form,is_delete,character varing(1),N,YES,,刪除flag,,V,V,V,,
portal_event_form,create_user,character varing(100),,YES,,建立人員,,,,,,
portal_event_form,create_date,timestamp without time zone,,YES,,建立時間,,,,,,
portal_event_form,create_ip,character varing(50),,YES,,新增IP,,,,,,
portal_event_form,update_user,character varing(100),,YES,,更新人員,,,,,,
portal_event_form,update_date,timestamp without time zone,,YES,,異動時間,,,,,,
portal_event_form,update_ip,character varing(50),,YES,,異動IP,,,,,,
活動留資資料表 ebgp_event_data,,,,,,,註解,查詢欄位,列表,可編輯,,
資料表,欄位,格式,預設,,P/I,說明,,查詢欄位,列表,可編輯,,
portal_event_data,event_data_id,integer,,NO,p,流水號 (max+1),,,,,,
portal_event_data,event_form_id,integer,,NO,F/I,event_form_id,,,,,,
portal_event_data,event_id,integer,,NO,F/I,event_id,,V,,,,
portal_event_data,event_data_json,TEXT,,YES,,報名留資資訊 json (範例見本格附注),,,V,V,,
portal_event_data,is_delete,character varing(1),N,YES,,刪除flag,,V,,,,
portal_event_data,create_user,character varing(100),,YES,,建立人員,,,,,,
portal_event_data,create_date,timestamp without time zone,,YES,,建立時間,,,,,,
portal_event_data,create_ip,character varing(50),,YES,,新增IP,,,,,,
portal_event_data,update_user,character varing(100),,YES,,更新人員,,,,,,
portal_event_data,update_date,timestamp without time zone,,YES,,異動時間,,,,,,
portal_event_data,update_ip,character varing(50),,YES,,異動IP,,,,,,
FAQ類別資料表 portal_faq_type,,,,,,,註解,查詢欄位,列表,可編輯,,
資料表,欄位,格式,預設,,P/I,說明,,查詢欄位,列表,可編輯,,
portal_faq_type,faq_type_id,integer,,NO,p,流水號 (max+1),,,V,,,
portal_faq_type,faq_type_name,character varing(50),,NO,,選單名稱,,V,V,V,,
portal_faq_type,up_faq_type_id,integer,,YES,,上一層選單流水號,,V,V,V,,
portal_faq_type,faq_type_lv,integer,,YES,,第幾層,,,V,V,,
portal_faq_type,faq_type_seq,integer,,YES,,排序,,,V,V,,
portal_faq_type,note,character varing(200),,YES,,備註,,,,V,,
portal_faq_type,is_delete,character varing(1),N,YES,,刪除flag,,V,V,,,
portal_faq_type,create_user,character varing(100),,YES,,新增人員,,,,,,
portal_faq_type,create_date,timestamp without time zone,,YES,,建立時間,,,,,,
portal_faq_type,create_ip,character varing(50),,YES,,新增IP,,,,,,
portal_faq_type,update_user,character varing(100),,YES,,異動人員,,,,,,
portal_faq_type,update_date,timestamp without time zone,,YES,,最後更新日,,,,,,
portal_faq_type,update_ip,character varing(50),,YES,,異動IP,,,,,,
FAQ資料表 portal_faq_data,,,,,,,註解,查詢欄位,列表,可編輯,,
資料表,欄位,格式,預設,,P/I,說明,,查詢欄位,列表,可編輯,,
portal_faq_data,faq_data_id,integer,,NO,p,流水號 (max+1),,,V,,,
portal_faq_data,faq_type_id,integer,,NO,F,,,V,V,V,,
portal_faq_data,question,character varing(200),,NO,,問,,V,V,V,,
portal_faq_data,answer,TEXT,,NO,,答案(HTML),,,,,,
portal_faq_data,faq_data_seq,integer,0,NO,,排序,,,V,V,,
portal_faq_data,note,character varing(200),,YES,,備註,,,,V,,
portal_faq_data,is_delete,character varing(1),,YES,,刪除flag,,V,V,V,,
portal_faq_data,create_user,character varing(100),,YES,,新增人員,,,,,,
portal_faq_data,create_date,timestamp without time zone,,YES,,建立時間,,,,,,
portal_faq_data,create_ip,character varing(50),,YES,,新增IP,,,,,,
portal_faq_data,update_user,character varing(100),,YES,,異動人員,,,,,,
portal_faq_data,update_date,timestamp without time zone,,YES,,最後更新日,,,,,,
portal_faq_data,update_ip,character varing(50),,YES,,異動IP,,,,,,
文章與產品關聯資料表 portal_article_faq_type_relation,,,,,,,註解,查詢欄位,列表,可編輯,,
資料表,欄位,格式,預設,,P/I,說明,,查詢欄位,列表,可編輯,,
portal_article_faq_type_relation,article_id,character varing(20),,NO,P/F,article_id,,V,V,V,,
portal_article_faq_type_relation,faq_type_id,integer,,NO,P/F/I,faq_type_id,,,V,V,,
portal_article_faq_type_relation,create_user,character varing(100),,YES,,新增人員,,,,,,
portal_article_faq_type_relation,create_date,timestamp without time zone,,YES,,建立時間,,,,,,
portal_article_faq_type_relation,create_ip,character varing(50),,YES,,新增IP,,,,,,
系統檢測資料表 portal_system_check ,,,,,,,註解,查詢欄位,列表,可編輯,,
資料表,欄位,格式,預設,,P/I,說明,,查詢欄位,列表,可編輯,,
portal_system_check,system_check_id,integer,,NO,p,流水號 (max+1),,,V,,,
portal_system_check,system_check_type,character varing(2),,NO,i,"a:api
w:web_ui",,V,V,V,,
portal_system_check,system_check_name,character varing(100),,NO,,check名稱,,V,V,V,,
portal_system_check,system_check_path,character varing(150),,NO,,測試位置 (/check/check_xxxxxx ),,,V,V,,
portal_system_check,note,character varing(200),,YES,,備註,,,,V,,
portal_system_check,is_delete,character varing(1),,YES,,刪除flag,,V,V,V,,
portal_system_check,create_user,character varing(100),,YES,,新增人員,,,,,,
portal_system_check,create_date,timestamp without time zone,,YES,,建立時間,,,,,,
portal_system_check,create_ip,character varing(50),,YES,,新增IP,,,,,,
portal_system_check,update_user,character varing(100),,YES,,異動人員,,,,,,
portal_system_check,update_date,timestamp without time zone,,YES,,最後更新日,,,,,,
portal_system_check,update_ip,character varing(50),,YES,,異動IP,,,,,,
系統檢測每日報告資料表 portal_system_check_report,,,,,,,註解,查詢欄位,列表,可編輯,,
資料表,欄位,格式,預設,,P/I,說明,,查詢欄位,列表,可編輯,,
portal_system_check_report,system_check_report_id,integer,,NO,p,流水號 (max+1),,V,V,,,
portal_system_check_report,system_check_report_date_start,timestamp without time zone,,NO,i,測試開始時間,,V,V,,,
portal_system_check_report,system_check_report_date_end,timestamp without time zone,,NO,i,測試結束時間,,V,V,,,
portal_system_check_report,system_check_type,character varing(2),,NO,,測試類型,,V,V,,,
portal_system_check_report,system_check_num,integer,0,NO,,測試數量,,,V,,,
portal_system_check_report,system_check_num_success,integer,0,NO,,成功,,,V,,,
portal_system_check_report,system_check_num_warn,integer,0,NO,,警告,,,V,,,
portal_system_check_report,system_check_num_fail,integer,0,NO,,錯誤,,,V,,,
portal_system_check_report,note,character varing(200),,YES,,備註,,,,V,,
portal_system_check_report,is_delete,character varing(1),,YES,,刪除flag,,V,,,,
portal_system_check_report,create_user,character varing(100),,YES,,新增人員,,,,,,
portal_system_check_report,create_date,timestamp without time zone,,YES,,建立時間,,,,,,
portal_system_check_report,create_ip,character varing(50),,YES,,新增IP,,,,,,
系統檢測報告明細資料表 portal_system_check_report_detail,,,,,,,註解,查詢欄位,列表,可編輯,,
資料表,欄位,格式,預設,,P/I,說明,,查詢欄位,列表,可編輯,,
portal_system_check_report_detail,system_check_report_detail_id,integer,,NO,p,流水號 (max+1),,,V,,,
portal_system_check_report_detail,system_check_report_id,integer,,NO,F,system_check_report_id,,V,V,,,
portal_system_check_report_detail,system_check_id,integer,,NO,F,system_check_id,,V,V,,,
portal_system_check_report_detail,system_check_status,integer,0,NO,,"5:success
7:warn
9:fail",,V,V,,,
portal_system_check_report_detail,system_check_note,text,,YES,,說明,,,,,,
portal_system_check_report_detail,system_execution_time,integer,0,NO,,api執行時間 ms,,,V,,,
portal_system_check_report,note,character varing(200),,YES,,備註,,,,V,,
portal_system_check_report_detail,is_delete,character varing(1),,YES,,刪除flag,,V,,,,
portal_system_check_report_detail,create_user,character varing(100),,YES,,新增人員,,,,,,
portal_system_check_report_detail,create_date,timestamp without time zone,,YES,,建立時間,,V,,,,
portal_system_check_report_detail,create_ip,character varing(50),,YES,,新增IP,,,,,,
